{"cameraMode":{"drawMode":0,"name":"Shaded","section":"Shading Mode"},"sceneLighting":false,"audioPlay":false,"sceneViewState":{"showFog":true,"showMaterialUpdate":false,"showSkybox":true,"showFlares":true,"showImageEffects":true,"showParticleSystems":true},"in2DMode":false,"pivot":{"x":5.122379302978516,"y":16.392047882080079,"z":70.27266693115235},"rotation":{"x":0.19928118586540223,"y":-0.4637015461921692,"z":0.1078915148973465,"w":0.8565204739570618},"size":48.507720947265628,"orthographic":false}